rank,uri,,,artist_names,track_name,source,peak_rank,previous_rank,weeks_on_chart,streams
1,spotify:track:5ThyDv6aRVU8AH4vXQNldF,Finding Her,,"Kushagra, Bharath, Saaheal",Finding Her,EYP Creations,1,1,11,8204332
2,spotify:track:4vHRQnzGcKEtqsLH70tAms,"Raanjhan (From ""Do Patti"")",,"Sachet-Parampara, Parampara Tandon, Kausar Munir","Raanjhan (From ""Do Patti"")",T-Series,1,2,31,6023059
3,spotify:track:5UGrftqh9U3zKQUt3vs7Ob,Supreme,,Shubh,Supreme,Shubh,3,3,5,5983262
4,spotify:track:5FDVyL6VahLO3B4T7xRYD9,Qatal,,"Guru Randhawa, Sanjoy, Gill Machhrai",Qatal,Warner Music India,4,4,4,5498417
5,spotify:track:0eCajpR75pDW0r64U6hP2x,Jo Tum Mere Ho,,Anuv Jain,Jo Tum Mere Ho,Universal Music India Pvt. Ltd. (on behalf of Anuv Jain),1,5,41,4917267
6,spotify:track:1hlbywc8Jhl1FFqJxAMabE,Ishq,,"Faheem Abdullah, Rauhan Malik, Amir Ameer",Ishq,Artiste First,2,6,60,4407126
7,spotify:track:1hA697u7e1jX2XM8sWA6Uy,Apna Bana Le,,"Sachin-Jigar, Arijit Singh, Amitabh Bhattacharya",Apna Bana Le,Zee Music Company,1,10,100,4064448
8,spotify:track:6nRGPf5tpeJtKpXZO5cgIT,Paro,,"Aditya Rikhari, UNPLG'd",Paro,Universal Music India Pvt Ltd.,7,7,11,4022803
9,spotify:track:3vCzLB6kS2lGcIpm1OOUsy,Ishq Hai,,"Anurag Saikia, Raj Shekhar, Romy, Amarabha Banerjee, Varun Jain, Madhubanti Bagchi, Mismatched - Cast",Ishq Hai,Netflix Music,1,8,23,3896261
10,spotify:track:2cPUB8EOT6AfJ8oxhyoNXL,Ye Tune Kya Kiya,,"Pritam, Javed Bashir",Ye Tune Kya Kiya,T-Series,10,11,66,3793226
11,spotify:track:44LaY2y6wRRlSRjsqbKnuU,Jhol - Acoustic,,"Maanu, Annural Khalid, Abdullah Siddiqui",Jhol - Acoustic,Yain,11,18,13,3660815
12,spotify:track:4FeczSomVWVyU4FW7xDeAI,Tere Bina,,"A.R. Rahman, Chinmayi, Murtuza Khan, Qadir Khan",Tere Bina,Sony Music Entertainment India Pvt. Ltd.,12,13,40,3428227
13,spotify:track:5wqMM6wOwXmX4rc1C3lUkd,Courtside,,"Karan Aujla, Signature By SB",Courtside,Karan Aujla Music,13,-1,1,3377052
14,spotify:track:5zCnGtCl5Ac5zlFHXaZmhy,Sajni,,"Ram Sampath, Arijit Singh, Prashant Pandey","Sajni (From ""Laapataa Ladies"")",T-Series,1,15,55,3243608
15,spotify:track:4ulroyDK6rN73nVkCkWhur,Sahiba,,"Jasleen Royal, Stebin Ben, Vijay Deverakonda, Radhikka Madan, Priya Saraiya, Aditya Sharma",Sahiba,Warner Music India,1,12,26,3209857
16,spotify:track:2Fv2injs4qAm8mJBGaxVKU,"Tujhe Kitna Chahne Lage (From ""Kabir Singh"")",,"Arijit Singh, Mithoon","Tujhe Kitna Chahne Lage (From ""Kabir Singh"")",T-Series,2,9,312,3177153
17,spotify:track:4Qm7r3ImER8S2Ori1gLMAf,Afsos,,"Anuv Jain, AP Dhillon",Afsos,"Universal Music India Pvt. Ltd. (on behalf of Anuv Jain, AP DHILLON INC/Republic Records)",6,16,16,3051783
18,spotify:track:3yHyiUDJdz02FZ6jfUbsmY,"Satranga (From ""ANIMAL"")",,"Arijit Singh, Shreyas Puranik, Siddharth - Garima","Satranga (From ""ANIMAL"")",T-Series,2,20,82,3051377
19,spotify:track:45PA9lW7U5LYnlpGrdTyHY,Sang Rahiyo,,"Jasleen Royal, Ujjwal Kashyap",Sang Rahiyo,Warner Music India,19,25,63,3045918
20,spotify:track:4d2jV5fmX6hbRwaRbY39dt,Wavy,,"Karan Aujla, Jay Trak",Wavy,Karan Aujla Music,4,14,27,3035295
21,spotify:track:2oJxsbdvHuzkQ44hoyMsis,"Laal Pari (From ""Housefull 5"")",,"Yo Yo Honey Singh, Simar Kaur, Alfaaz","Laal Pari (From ""Housefull 5"")",T-Series,21,101,2,2829640
22,spotify:track:2PvaburAUlhNHxVhw5lvOq,"Humdard (From ""Ek Villain"")",,Arijit Singh,"Humdard (From ""Ek Villain"")",T-Series,20,31,253,2822844
23,spotify:track:7so0lgd0zP2Sbgs2d7a1SZ,Die With A Smile,,"Lady Gaga, Bruno Mars",Die With A Smile,Interscope Records,4,19,34,2784689
24,spotify:track:5J9L7IbadCt0ivs9xmNrr0,Ranjheya Ve,,Zain Zohaib,Ranjheya Ve,Zain Zohaib,20,21,13,2751381
25,spotify:track:3yV2c3cYhkAwSsxAq6nRiv,Mann Mera,,Gajendra Verma,Mann Mera,Sony Music / Eros Now Music,25,48,214,2734342
26,spotify:track:3trnNo4KeaUlFuUiV7iRCj,Tera Chehra,,"Himesh Reshammiya, Arijit Singh",Tera Chehra,Sony Music Entertainment India Pvt. Ltd.,3,32,16,2673990
27,spotify:track:2ceeTJAzKy295Fm0VsaXtE,Tum Se,,"Sachin-Jigar, Raghav Chaitanya, Varun Jain, Indraneel","Tum Se (From ""Teri Baaton Mein Aisa Uljha Jiya"")",T-Series,10,23,67,2611355
28,spotify:track:2IoZMG3RqiTmsy7Li3zGFg,"Mere Sohneya (From ""Kabir Singh"")",,"Sachet Tandon, Parampara Tandon, Sachet-Parampara","Mere Sohneya (From ""Kabir Singh"")",T-Series,4,53,266,2606270
29,spotify:track:5yAfCVJwa3r9wAQSOfawqm,"Minnalvala (From ""Narivetta"")",,"Jakes Bejoy, Sid Sriram, Sithara Krishnakumar","Minnalvala (From ""Narivetta"")",Sony Music Entertainment India Pvt. Ltd.,29,75,2,2590205
30,spotify:track:1JioaCninhpfY1filFEIZi,STFU,,"AP Dhillon, Shinda Kahlon",STFU,AP Dhillon,30,-1,1,2589733
31,spotify:track:6kYoY0PhBelP64UMnhsEZx,,,"Alka Yagnik, Arijit Singh","Agar Tum Saath Ho (From ""Tamasha"")",T-Series,4,38,312,2582332
32,spotify:track:5npFBWhVs3VVlc0nY5xQMA,,,"Sachin-Jigar, Arijit Singh","Tainu Khabar Nahi - From ""Munjya""",Zee Music Company,17,37,49,2580157
33,spotify:track:5AnWrUzsrFgBvhn6dUElnr,,,"Sachin-Jigar, Madhubanti Bagchi, Divya Kumar, Amitabh Bhattacharya","Aaj Ki Raat (From ""Stree 2"")",Saregama India Ltd,1,34,43,2568902
34,spotify:track:0SAZ4IHYMtjW4Lxrjm7NnG,,,"Altamash Faridi, Sohail Sen, Mudassar Aziz",Aashiq Tera,Eros Now Music,34,44,11,2555547
35,spotify:track:6fScgF2Y63ScU73nYju0ny,,,"Atif Aslam, Arko",O Saathi,T-Series,28,39,147,2544784
36,spotify:track:5VvkNZesG4T86mUULEG5Wp,,,"Sachet-Parampara, Sachet Tandon, Parampara Tandon, Kausar Munir",Maiyya,T-Series,19,41,24,2540159
37,spotify:track:5ZLkihi6DVsHwDL3B8ym1t,,,Shubh,One Love,SHUBH,3,40,92,2511833
38,spotify:track:0TL0LFcwIBF5eX7arDIKxY,,,Anuv Jain,Husn,Universal Music India Pvt. Ltd. (on behalf of Anuv Jain),1,35,77,2448563
39,spotify:track:56zZ48jdyY2oDXHVnwg5Di,,,"Mithoon, Arijit Singh",Tum Hi Ho,T-Series,26,26,225,2428517
40,spotify:track:2GXXZFUxYg2LvG8SR0byOE,,,"Sachin-Jigar, Atif Aslam",Jeena Jeena,Eros Now Music,24,24,193,2423248
41,spotify:track:3PWfXDaGLxwN9UJDHMEyKi,,,"Masoom Sharma, Sheenam Katholic, Kay D, Aarohi Raghav",Teri Ramjhol Bole Gi (feat. Kay D & Aarohi Raghav),Empire Media,18,33,10,2339165
42,spotify:track:4eBvRhTJ2AcxCsbfTUjoRp,,,Shubh,Cheques,SHUBH,1,69,104,2337254
43,spotify:track:3WLJ7D5kh44K5eJ1NqZQ6W,,,Anuv Jain,Baarishein,Universal Music India Pvt. Ltd. (on behalf of Anuv Jain),16,56,210,2329702
44,spotify:track:0YQJoDL6f46J0n1rOVkpxJ,,,"Karan Aujla, Ikky",Softly,WM Canada,4,46,92,2279087
45,spotify:track:0FBQ4NrrHUbR9kus7rzrOj,,,Atif Aslam,Dil Diyan Gallan,YRF Music,45,52,275,2277127
46,spotify:track:2JlzHPGIVaLNAppX1viq7f,,,"Santhosh Narayanan, The Indian Choral Ensemble, Vivek","Kanimaa (From ""Retro"")",T-Series,16,17,8,2263114
47,spotify:track:0GQngE2rOYvlKwEQjTAsP8,,,"Pritam, Sreeram, Shilpa Rao",Subhanallah,T-Series,34,42,111,2261081
48,spotify:track:0XRb6eZE4dBIJdqwf1Mixu,,,"Juss, MixSingh",Suniyan Suniyan,Mix It Up Studio,3,49,53,2244964
49,spotify:track:5fBghXeYCGIEVuExKytoJ9,,,Shubh,Fell For You,SHUBH,19,97,17,2233495
50,spotify:track:3FqtduiaqnFYvBgKuc6QWQ,,,"Karan Aujla, Seshnolan",Winning Speech,Karan Aujla,8,54,53,2228584
51,spotify:track:3t3wsY5IdLVzB9WidegJSU,,,"Atif Aslam, Shreya Ghoshal, Sachin-Jigar",Jeene Laga Hoon,Tips Industries Ltd,28,28,37,2211597
52,spotify:track:72zHuDxFQTjbL51qJQSA7j,,,"Jasleen Royal, B Praak, Romy","Ranjha (From ""Shershaah"")",Sony Music Entertainment India Pvt. Ltd.,1,63,198,2195283
53,spotify:track:1r6GbBLdtUK1Vl1IHT14wP,,,"Mohammad Faiz, Jaani","Dekhha Tenu (From ""Mr. And Mrs. Mahi"")",Sony Music Entertainment India Pvt. Ltd.,2,79,53,2176558
54,spotify:track:4wIWWEhbdgKAxhR68eE0Ye,,,"Arijit Singh, Chinmayi","Mast Magan (From ""2 States"")",T-Series,45,83,222,2127898
55,spotify:track:2nP1wLRh85mo5Wdj4RQldp,,,"Amit Trivedi, Madhubanti Bagchi, Amitabh Bhattacharya","Uyi Amma - From ""Azaad""",Zee Music Company,24,50,18,2120497
56,spotify:track:4Tkb7zsDmsawB7S5TpKQV1,,,"Atif Aslam, Shiraz Uppal",Pehli Dafa,T-Series,50,55,81,2110580
57,spotify:track:3ygfdwvBJ2Y5XhJiiHFFZE,,,Sachet Tandon,Maiyya Mainu,Zee Music Company,5,95,133,2099168
58,spotify:track:7eQl3Yqv35ioqUfveKHitE,,,"Pritam, Mohit Chauhan, Irshad Kamil",Tum Se Hi,T-Series,12,30,270,2088216
59,spotify:track:5FXMRdJjKq1BIX4e8Eg9mK,,,"Vishal-Shekhar, KK",Ajab Si,T-Series,19,27,176,2086508
60,spotify:track:5Ggb9pKiKcr5vNV9v1e1vs,,,"Sachin-Jigar, Varun Jain, Shilpa Rao, Amitabh Bhattacharya","Tumhare Hi Rahenge Hum (From ""Stree 2"")",Saregama India Ltd,8,60,40,2065901
61,spotify:track:22ZIAjVRJTjYj5EwD0MjEJ,,,Masoom Sharma,2 Khatole (Lofi Mix),Tuffan Music,17,51,8,2062186
62,spotify:track:7KQdgW7QzNd9oPoCzjCU76,,,Shubh,Bandana,Shubh,8,91,60,2058385
63,spotify:track:48Ix6ReYdJf2H4mKb3TIpj,,,"Atif Aslam, Alisha Chinai, Pritam",Tera Hone Laga Hoon,Tips Industries Ltd,30,45,210,2044222
64,spotify:track:6bmmHeCvZI92pRiTHxEdTC,,,"Pritam, Arijit Singh, Irshad Kamil",O Maahi,T-Series,4,57,75,2042869
65,spotify:track:4MU4Kfkd9EnkArK2ocQyqK,,,"Arijit Singh, Harshdeep Kaur",Zaalima,Zee Music Company,65,71,100,2018938
66,spotify:track:0hFkx6EoIRvNmEVXQIIJtk,,,Aditya Rikhari,Paaro,Universal Music India Pvt Ltd.,46,58,10,2016089
67,spotify:track:0KSOLEBixnBYIKNHF1VbzF,,,"Atif Aslam, Hadiqa Kiani",Hona Tha Pyar,Tips Industries Ltd,54,59,12,2006793
68,spotify:track:0gPgdRfB4jdGrlyXS0Vx78,,,"Vishal-Shekhar, KK, Shilpa Rao, Anvita Dutt Guptan",Khuda Jaane,YRF Music,29,29,137,1990217
69,spotify:track:6H7fLdt0AeWpuxUKXuXWrx,,,Hariharan,Shree Hanuman Chalisa,T-Series,31,65,145,1983235
70,spotify:track:7yDHHVKLbvDmVw1XXhDDIO,,,"Vishal Mishra, Raj Shekhar",Pehle Bhi Main,T-Series,1,67,77,1963149
71,spotify:track:5vGiuYFSGekGLgbxhV1rD5,,,"Atif Aslam, Pritam",Tu Jaane Na,Tips Industries Ltd,66,70,190,1955517
72,spotify:track:1y1rQTkWmrZdJmjwuK07GC,,,"Vishal Mishra, Manoj Muntashir","Kaise Hua (From ""Kabir Singh"")",T-Series,5,61,310,1952055
73,spotify:track:1PDREqVNvmphIoNac3Vz8c,,,"Himesh Reshammiya, Ankit Tiwari, Palak Muchhal",Sanam Teri Kasam,Sony Music Entertainment India Pvt. Ltd.,1,47,16,1944714
74,spotify:track:1YMLgvsQdE27r30q0fsLeV,,,Arijit Singh,Tera Fitoor,Tips Industries Ltd,61,137,95,1940145
75,spotify:track:1mQUEvGR7Sbt2OCz2gFrdx,,,"Sachin-Jigar, Pawan Singh, Simran Choudhary, Divya Kumar, Amitabh Bhattacharya","Aayi Nai (From ""Stree 2"")",Saregama India Ltd,2,82,41,1932525
76,spotify:track:5pPyvA03RKSJrAnnDcq0nh,,,"Sachin-Jigar, Shreya Ghoshal, Tochi Raina",Saibo,Sony Music Entertainment India Pvt. Ltd.,22,22,238,1930216
77,spotify:track:1dFrZr9eMUsFqeag04ClqD,,,Dhanda Nyoliwala,Russian Bandana,Universal Music India Pvt Ltd.,6,62,34,1921368
78,spotify:track:25jtUwCQfXwnxENh8Bvoj4,,,"Diljit Dosanjh, MixSingh, Raj Ranjodh",Water,Famous Studios,36,36,13,1919314
79,spotify:track:4MtsPGGUTIs4qFD8gOSJ3D,,,"Masoom Sharma, Rahul Muana, Swara Verma, Ruba Khan",Chambal K Dakku,Bajewala Records,26,64,10,1914856
80,spotify:track:2iNqdCchlUZEgjJbQyZf8T,,,"Kailash Kher, Paresh Kamath, Naresh Kamath",Teri Deewani,Sony Music Entertainment India Pvt. Ltd.,62,88,42,1912488
81,spotify:track:4y2sSEDG8aP4nDyXWnmPjw,,,"Masoom Sharma, Swara Verma, Dev Chouhan, Pooja Saxena",Blender,GSC Music,19,66,20,1910036
82,spotify:track:1fkjRQA8wXPPyxqYLbxuqy,,,"Vishal-Shekhar, Sanam Puri, Shipra Goyal",Ishq Bulaava,Sony Music Entertainment India Pvt. Ltd.,74,74,8,1904698
83,spotify:track:7aE1lfskJLMHQnzCCP1zsV,,,"Akhil Sachdeva, Mansheel Gujral","Humsafar (From ""Badrinath Ki Dulhania"")",T-Series,44,132,70,1882005
84,spotify:track:1bxzr3JK05fMTcweGAZUHp,,,"Shilpa Rao, Anirudh Ravichander, Ramajogayya Sastry","Chuttamalle (From ""Devara Part 1"")",T-Series,4,73,42,1862231
85,spotify:track:0M0ANKNzmM4Odd7FNKghzW,,,Mitraz,"Akhiyaan Gulaab (From ""Teri Baaton Mein Aisa Uljha Jiya"")",T-Series,2,102,69,1842313
86,spotify:track:1tCduDqB3J8r90FAxprLzO,,,Arko,Nazm Nazm,Zee Music Company,86,144,51,1839550
87,spotify:track:18YHbIhrleUkKKj2DvEp79,,,"Pritam, KK",Zara Sa,Sony Music Entertainment India Pvt. Ltd.,33,108,116,1838325
88,spotify:track:2PxZSFOv7RebkeSEwQTjr7,,,Mustafa Zahid,Tera Mera Rishta,Vishesh Films Pvt Ltd.,88,146,11,1825757
89,spotify:track:78BWCd70D1X6LMkDZm1UoF,,,Yo Yo Honey Singh,Millionaire,T-Series,3,99,38,1824649
90,spotify:track:0l6g8Z8mqGbGXFOjigYetD,,,"Pritam, Arijit Singh",Hawayein,Sony Music Entertainment India Pvt. Ltd.,51,98,189,1821100
91,spotify:track:5zcfnScTSFGCHGY1yeXWke,,,"Vishal-Shekhar, Kamal Khan",Ishq Sufiyana (Male),T-Series,46,81,26,1815550
92,spotify:track:4bD9z9qa4qg9BhryvYWB7c,,,"Pritam, Tochi Raina, Rekha Bhardwaj",Kabira,T-Series,31,128,297,1807523
93,spotify:track:1d5lpW3gUyq537iuyrb9Lf,,,Aditya Rikhari,Samjho Na,CollabX Productions,23,72,109,1807414
94,spotify:track:2HI1eYwbbiJGqi0XaeByOI,,,"Sanju Rathod, G-SPXRK",Shaky,Sanjay Rathod,94,-1,1,1806519
95,spotify:track:3tgdOveYac7YMEAQD9sGLf,,,"Vishal-Shekhar, Papon, Irshad Kamil",Bulleya,YRF Music,30,92,19,1790105
96,spotify:track:6ygiy70ujkNOYXM1tQuMNe,,,"Karan Aujla, Ikky, Preston Pablo",Admirin' You (feat. Preston Pablo),WM Canada,24,109,94,1789717
97,spotify:track:73K33p4Vyz9koXGqmL5eFs,,,"Sachet Tandon, Parampara Tandon, Kumaar, Sachet-Parampara",Malang Sajna,T-Series,4,138,122,1789642
98,spotify:track:0645eBDehHcqfiF15hscQV,,,"Vishal Mishra, Rashmeet Kaur","Janiye (from the Netflix Film ""Chor Nikal Ke Bhaga"")",Netflix Music,5,76,98,1789171
99,spotify:track:4OEBP1iwGmLtcM8UKRLm80,,,"Arijit Singh, Antara Mitra","Itni Si Baat Hain (From ""Azhar"")",T-Series,99,168,32,1788767
100,spotify:track:4UMIv5jd9gK98a39BQRD9X,,,"Pritam, Arijit Singh, Amitabh Bhattacharya",Kesariya,Sony Music Entertainment India Pvt. Ltd.,1,94,149,1780775
101,spotify:track:4tJz5wXpwIvG2KMKPbYWwz,,,"Santhosh Narayanan, Vivek","Kannadi Poove (From ""Retro"")",T-Series,37,43,11,1759558
102,spotify:track:5PUXKVVVQ74C3gl5vKy9Li,,,"Jasleen Royal, Arijit Singh, Dulquer Salmaan",Heeriye (feat. Arijit Singh),Warner Music India,1,118,95,1747017
103,spotify:track:02Ck2nLoW3TpgGV6uwvK5Z,,,"Vijai Bulganin, Anurag Kulkarni, Sameera Bharadwaj, Purnachary","Premalo (From ""Court"")",Saregama India Ltd,20,68,10,1742322
104,spotify:track:7eQoMQdE4JqngwYDOqLBU0,,,"dox, JASKARAN, Rita Kim",Superstar,5.5 Records Under Exclusive License to AWAL,70,93,6,1738002
105,spotify:track:52itZ0w0CydihB2JCZEIft,,,"Pritam, Mohit Chauhan, Irshad Kamil",Pee Loon,T-Series,37,89,67,1732159
106,spotify:track:0fAPcsD7qrEAfO2EH0ce4V,,,Shubh,Aura,SHUBH,58,115,15,1731793
107,spotify:track:3be9ACTxtcL6Zm4vJRUiPG,,,yung kai,blue,BMG Rights Management (US) LLC,16,106,24,1721258
108,spotify:track:4XxfOvudrnBRdlgzEaq1sd,,,Diljit Dosanjh,Born to Shine,FAMOUS STUDIOS INC,14,100,99,1706303
109,spotify:track:6y5SuF4NxGkvwpAdqcAkD3,,,"Pritam, Arijit Singh, Shreya Ghoshal, Shadab Faridi, Altamash Faridi, Amitabh Bhattacharya","Ve Kamleya (From ""Rocky Aur Rani Kii Prem Kahaani"")",Saregama India Ltd,15,90,93,1700936
110,spotify:track:0NXnuTqFQHDsbEIoKIAVCN,,,Josh Brar,Tere Bina Na Guzara E,Speed Records,19,111,32,1699302
111,spotify:track:1UWacd8x8tPPwmrPB1MoBI,,,"Pritam, Arijit Singh",Ae Dil Hai Mushkil Title Track,Sony Music Entertainment India Pvt. Ltd.,79,119,277,1680282
112,spotify:track:4BTPzhEsyW3blWcxcuhLM0,,,"Shankar-Ehsaan-Loy, Shankar Mahadevan, Caralisa Monteiro, Shafqat Amanat Ali",Mitwa,Sony Music Entertainment India Pvt. Ltd.,81,125,40,1678010
113,spotify:track:1PALLCSlHwAI4upY3sMg8u,,,"Aditya Rikhari, Tulsi Kumar, Lijo George-Dj Chetas","Jaana Samjho Na (From ""Bhool Bhulaiyaa 3"")",T-Series,9,84,29,1676131
114,spotify:track:6FjbAnaPRPwiP3sciEYctO,,,"Pritam, Arijit Singh",Raabta,T-Series,41,114,136,1661191
115,spotify:track:7G5wpuR61ABrT7R1snos7C,,,"Pritam, Arijit Singh",Kalank - Title Track,Zee Music Company,5,80,276,1659332
116,spotify:track:32765xcLM1fd6wQIpkN9A0,,,"Ami Mishra, Kunaal Vermaa",Hasi - Male Version,Sony Music Entertainment India Pvt. Ltd.,77,173,99,1659226
117,spotify:track:2iZeKe5avjtKVmjfSFkpxd,,,"Pritam, Rahat Fateh Ali Khan, Tulsi Kumar, Irshad Kamil",Tum Jo Aaye,T-Series,117,195,9,1644503
118,spotify:track:1eZefeDb8uOsjvcbl1fJrG,,,"Diljit Dosanjh, Badshah, Raj Ranjodh","Naina (From ""Crew"")",Tips Industries Ltd,3,116,63,1641989
119,spotify:track:1smFN2CLqGROu0J0UyvDfL,,,"Pritam, Arijit Singh",Shayad,Sony Music Entertainment India Pvt. Ltd.,1,112,279,1640214
120,spotify:track:4Lo6I7kkHWgAVRmdILLhig,,,"Tanishk Bagchi, Arijit Singh, Afsana Khan, Irshad Kamil","Tu Hain Toh Main Hoon (From ""Sky Force"")",Saregama India Ltd,7,78,17,1637484
121,spotify:track:6rFckZb1cuJYzsZiGHgqks,,,"Karan Aujla, Ikky",52 Bars,Rehaan Records,12,133,38,1622407
122,spotify:track:6GQK4G5o60E8YA18DGpAzv,,,Harshit Saxena,Hale Dil,T-Series,98,178,29,1619927
123,spotify:track:1o8YPl0hyGbpRcHplXNvsm,,,"Sachin-Jigar, Vishal Mishra, Amitabh Bhattacharya","Khoobsurat (From ""Stree 2"")",Saregama India Ltd,5,104,40,1616718
124,spotify:track:5XeFesFbtLpXzIVDNQP22n,,,Arctic Monkeys,I Wanna Be Yours,Domino Recording Co,48,113,132,1610435
125,spotify:track:5GQPBzoRBDxcAjwSSluQXD,,,Connie Francis,Pretty Little Baby - Stereo Mix,Universal Records,125,-1,1,1606064
126,spotify:track:5thVzD79BxlDTYy0LfHzvu,,,"Aparshakti Khurana, Savi Kahlon",Zaroor,Sony Music Entertainment India Pvt. Ltd.,13,139,42,1589029
127,spotify:track:7AAap8D4C4pTyNoMkM9vjG,,,"Shankar-Ehsaan-Loy, Diljit Dosanjh",Ishq Di Baajiyaan,Sony Music Entertainment India Pvt. Ltd.,100,163,39,1583105
128,spotify:track:0kYBzFJ5a2Jozi6cI4y9Bp,,,"Jeet Gannguli, Mustafa Zahid",Jo Tere Sang,Sony Music Entertainment India Pvt. Ltd.,128,153,3,1578385
129,spotify:track:0MTdYgTZ25sLCO6kVnDoje,,,"Sai Abhyankkar, Sai Smriti","Aasa Kooda - From ""Think Indie""",Think Music,3,124,48,1564182
130,spotify:track:5JCDVLwteSXuwVqjCa7SwH,,,"Shankar-Ehsaan-Loy, Shreya Ghoshal, Javed Bashir, Yusuf Mohammed, Vajid Ali",O Rangrez,Sony Music Entertainment India Pvt. Ltd.,48,85,29,1558442
131,spotify:track:2C6CJGFLbisteRuY6Plb7b,,,"Danny, Avvy Sra, Sagar",Ve Haaniyaan,Dreamiyata Music,10,156,68,1545333
132,spotify:track:2HNG9q8rXbnijbPTwCMgsb,,,"Atif Aslam, Roop Kumar Rathod, Mithoon, Naresh Sharma","Woh Lamhe Woh Baatein - From ""Zeher""",UME - Global Clearing House,77,77,7,1531406
133,spotify:track:7AsG1F1eMWd17RYan8M3Wm,,,"AP Dhillon, Shinda Kahlon",Dil Nu,RUN-UP RECORDS,33,177,71,1530492
134,spotify:track:29m79w9xPMH4YCD6r8JSmV,,,"AP Dhillon, Gurinder Gill, Intense",Excuses,RUN-UP RECORDS,1,143,187,1524544
135,spotify:track:37AGZMVr5V8mEMcCmGHroZ,,,"Kailash Kher, Paresh Kamath, Naresh Kamath",Saiyyan,Sony Music Entertainment India Pvt. Ltd.,71,164,73,1520567
136,spotify:track:25Nxyrng0Z3jC5Q0hAibpw,,,Karan Aujla,Tauba Tauba,Saregama India Ltd,1,141,46,1519609
137,spotify:track:5OMUXgfXsSukZ0zxelpC3b,,,"A.R. Rahman, Jaswinder Singh, Shiraz Uppal","Raanjhanaa (From ""Raanjhanaa"")",Sony Music Entertainment India Pvt. Ltd.,110,188,40,1519428
138,spotify:track:0cUdmruT6kjxa5KpteSdwc,,,Bayaan,Nahin Milta,rearts records,75,110,9,1514755
139,spotify:track:2S6N9pbnkhQRyAx80HmF79,,,Mohammed Irfan,"Banjaara (From ""Ek Villain"")",T-Series,128,185,54,1513457
140,spotify:track:2L5fXA2pNlTXJvQTeMZn4z,,,"Masoom Sharma, Swara Verma",Lofar,Shikaari Music,25,136,10,1503587
141,spotify:track:7MXVkk9YMctZqd1Srtv4MB,,,"The Weeknd, Daft Punk",Starboy,Universal Republic Records,12,150,199,1501426
142,spotify:track:5UprhHX9Zdm0DeZzbPHbEN,,,"Atif Aslam, Manoj Muntashir",Tere Sang Yaara,Zee Music Company,101,127,44,1499360
143,spotify:track:6jUqTvRGOOyJmhxDQaWpNb,,,Mustafa Zahid,"Zaroorat (From ""Ek Villain"")",T-Series,143,-1,5,1496493
144,spotify:track:23UKXgXmLkT0XyPBeKx2gP,,,"Tanishk Bagchi, Gifty, Harnoor, Shreya Ghoshal, Irshad Kamil","Koi Naa (From ""Bhool Chuk Maaf"")",Sony Music Entertainment India Pvt. Ltd.,86,86,4,1491639
145,spotify:track:4Qu8LlchmRCaPBKBArcNsA,,,"Shankar-Ehsaan-Loy, Shafqat Amanat Ali",Tere Naina,Sony Music Entertainment India Pvt. Ltd.,113,165,19,1489669
146,spotify:track:7EowbMzc9lfsK9fgF6F8cG,,,"Shashwat Sachdev, Sangtar, Manmohan Waris, Kamal Heer, Sukhwinder Amrit","O Shera - Teer Te Taj (Film Version) - From ""Kesari Chapter 2""",Zee Music Company,117,117,2,1486453
147,spotify:track:7qiZfU4dY1lWllzX7mPBI3,,,Ed Sheeran,Shape of You,Atlantic Records UK,63,145,245,1483249
148,spotify:track:5QWuignQQWDlbtQsjKX0Kq,,,"G. V. Prakash, Vivek, Dhanush, Jonita Gandhi","Yedi (From ""Nilavuku En Mel Ennadi Kobam"")",Wunderbar Films,111,123,9,1482523
149,spotify:track:3Kl8p2PxVf8eAayLwTxOIm,,,"Pritam, KK",Dil Ibaadat,Sony Music Entertainment India Pvt. Ltd.,54,160,22,1479715
150,spotify:track:7m4CgL81VVIHaaiSxyH922,,,Yo Yo Honey Singh,Desi Kalakaar,T-Series,13,162,70,1478007
151,spotify:track:7gqmoEWBvt6srOCDgTMEHM,,,"Vedan, AZWIN",MAUNA LOA,Mass Appeal,96,96,3,1476996
152,spotify:track:6egfWbtFFhMToV2DvmEzmo,,,"Bunny, Hunny, Sagar","Tu Hain Toh (From ""Mr. And Mrs. Mahi"")",Sony Music Entertainment India Pvt. Ltd.,8,166,48,1475024
153,spotify:track:6xHPBEvcG0RQDfyTq7jc8P,,,"Cheema Y, Gur Sidhu",Young G.O.A.T,Brown Town Music,72,129,13,1463833
154,spotify:track:1kDZSmw3mKQeAjcmPTLS3M,,,"Pritam, Arijit Singh, Shreya Ghoshal, Amitabh Bhattacharya","Tum Kya Mile (From ""Rocky Aur Rani Kii Prem Kahaani"")",Saregama India Ltd,9,134,99,1461488
155,spotify:track:1QZRCi2Z1DQQaR6bGAzhtN,,,Yo Yo Honey Singh,Love Dose,T-Series,32,198,51,1456385
156,spotify:track:4sTlQPMyoFMPdhAJvErBN3,,,ATLXS,PASSO BEM SOLTO - Slowed,broke,133,140,7,1455312
157,spotify:track:4bIQXffbALkCC0Xo6aTicP,,,"Shaarib Toshi, Toshi Sabri",Maahi,Sony Music Entertainment India Pvt. Ltd.,157,-1,1,1440135
158,spotify:track:5GJ3WaxTSlxDY3csctX20H,,,Himesh Reshammiya,Bewajah,Sony Music Entertainment India Pvt. Ltd.,12,189,15,1439164
159,spotify:track:7Imk0IG6S5GA5iYWkjmMW5,,,"Palak Muchhal, Arijit Singh","Chahun Main Ya Naa (From ""Aashiqui 2"")",T-Series,103,135,84,1433869
160,spotify:track:2aH78X2rspZ3RibbAFXdjh,,,"Masoom Sharma, Pinna Music, Amar Karnawal",Mard,Masoom Sharma,81,126,7,1425674
161,spotify:track:4VsP4Dm8gsibRxB5I2hEkw,,,Kaifi Khalil,Kahani Suno 2.0,1944121 Records DK,1,121,127,1421182
162,spotify:track:0tgVpDi06FyKpA1z0VMD4v,,,Ed Sheeran,Perfect,Atlantic Records UK,29,154,266,1418365
163,spotify:track:79hQvdTHNBkq2fp2ZrM8b2,,,"Javed-Mohsin, Arijit Singh, Shreya Ghoshal, Kunaal Vermaa, Prashant Ingole",Pal,Sony Music Entertainment India Pvt. Ltd.,34,87,317,1415352
164,spotify:track:2HRqTpkrJO5ggZyyK6NPWz,,,Sabrina Carpenter,Espresso,Island Records,26,-1,44,1408199
165,spotify:track:0rk2X5TAhraBC5aCIXK2Rq,,,"Jawad Ahmad, Shaarib Toshi, Arijit Singh, Shreya Ghoshal",Samjhawan,Sony Music Entertainment India Pvt. Ltd.,70,147,196,1391465
166,spotify:track:6mTvwBzWTGDOVeCNQEqtOE,,,"Amaal Mallik, Arijit Singh, Tulsi Kumar",Soch Na Sake,T-Series,46,107,125,1388340
167,spotify:track:3xMHXmedL5Rvfxmiar9Ryv,,,"Anirudh Ravichander, Arijit Singh, Shilpa Rao, Kumaar",Chaleya,T-Series,1,151,92,1387279
168,spotify:track:76ZWOhRRQzmb4xMoZzTjJ9,,,"Yo Yo Honey Singh, Paradox",Payal,T-Series,14,152,26,1386781
169,spotify:track:69Qzz3yyQSsA0T95jLDoPL,,,"Gurnazar, Chet Singh",Dil Tu Jaan Tu,Mars Films / Jhankar Music,14,155,43,1384158
170,spotify:track:7CyPwkp0oE8Ro9Dd5CUDjW,,,"The Weeknd, JENNIE, Lily-Rose Depp","One Of The Girls (with JENNIE, Lily Rose Depp)",XO / Republic Records,98,169,72,1373331
171,spotify:track:6457ZKiycyQm6qrNcu5y15,,,"Komal Chaudhary, Masoom Sharma",Mere Mittar,Komal Chaudhary,55,122,9,1370988
172,spotify:track:4kaLkst9lT3sQ5Crgxs3ic,,,"Ayushmann Khurrana, Rochak Kohli",Pani Da Rang - Male Vocals,Eros Now Music,68,193,50,1370743
173,spotify:track:5daE0LYn2yQquJ9BUTma2f,,,"Job Kurian, Mridula Warrier",Kannodu - Live,Job Kurian Productions,173,200,2,1361334
174,spotify:track:3iiiuE1iI2viPi0Z55eiPM,,,"Jakes Bejoy, M. G. Sreekumar",Kanmanipoove,Sony Music Entertainment India Pvt. Ltd.,158,158,2,1345341
175,spotify:track:3HiobOOpSpMsi95WBKPBYk,,,"Jeet Gannguli, Arijit Singh, Rashmi Virag",Hamari Adhuri Kahani (Title Track),Sony Music Entertainment India Pvt. Ltd.,56,199,183,1344710
176,spotify:track:1wnozUBSe7OMpmZiTPJC5j,,,"A.R. Rahman, Javed Ali, KIRTI SAGATHIA, Pooja AV","Tum Tak (From ""Raanjhanaa"")",Sony Music Entertainment India Pvt. Ltd.,113,171,31,1344517
177,spotify:track:3F3ZuXYFXGM1V6pk3b3zmi,,,"Diljit Dosanjh, thiarajxtt",Kinni Kinni,DILJIT DOSANJH,24,172,76,1343234
178,spotify:track:1EjxJHY9A6LMOlvyZdwDly,,,"Pritam, Neeraj Shridhar",Tum Mile,Sony Music Entertainment India Pvt. Ltd.,177,-1,5,1343201
179,spotify:track:2Z6HgNji9cNlFLNORw6wDQ,,,"Mansheel Gujral, Akhil Sachdeva","Channa Ve - From ""Bhoot - Part One: The Haunted Ship""",Zee Music Company,33,-1,70,1342594
180,spotify:track:1feANd8EfcDP5UqSvbheM3,,,"Sachet Tandon, Sachet-Parampara","Bekhayali (From ""Kabir Singh"")",T-Series,1,-1,267,1342523
181,spotify:track:5a11x5PUFvJEadMRqtNtTr,,,"Atif Aslam, Shreya Ghoshal, Sachin-Jigar",Piya O Re Piya,Tips Industries Ltd,95,103,17,1337525
182,spotify:track:0vua5LbAth2HzKqpbnVRZk,,,"A.R. Rahman, Sid Sriram",Nee Singam Dhan,Sony Music Entertainment India Pvt. Ltd.,94,157,17,1336302
183,spotify:track:7wW9scVNLYFLsmBb1yAUmS,,,Yo Yo Honey Singh,Blue Eyes,T-Series,38,-1,48,1331877
184,spotify:track:5sUSbJo0brScvv48ZZ1HrQ,,,"Atif Aslam, Jyotica Tangri",O Meri Laila,Zee Music Company,16,-1,50,1330896
185,spotify:track:5Tkf5CbtVYHA1SiKo1NrJE,,,"Sachin-Jigar, Arijit Singh, Amitabh Bhattacharya","Phir Aur Kya Chahiye (From ""Zara Hatke Zara Bachke"")",Saregama India Ltd,1,192,97,1323228
186,spotify:track:1tf2iody5iRLYYPDSBpzRc,,,"Badshah, Arijit Singh",Soulmate,Universal Music India Pvt Ltd.,2,-1,54,1322565
187,spotify:track:1fcCPXmH4vUzG6UQTTjZp5,,,"Mithoon, Arijit Singh, Shashaa Tirupati",Phir Bhi Tumko Chaahunga,Zee Music Company,117,142,39,1314670
188,spotify:track:0UVcAOt6NMxYQ24zD66XKk,,,"Jassie Gill, Kartik Dev, Gaurav Dev",Lor Lor,EYP Creations,148,148,2,1312388
189,spotify:track:2MvCNH9ua0CeOgUQfZf56z,,,Javed Ali,Guzarish,T-Series,109,196,31,1310542
190,spotify:track:5EYZZvmNAH5VZCwuzYJqoA,,,"Jatin-Lalit, Shaan, Kailash Kher, Prasoon Joshi",Chand Sifarish,YRF Music,98,-1,56,1302115
191,spotify:track:3bTnREOf1CyY4Gz5jfHUiI,,,"Leon James, Sid Sriram, Sanjana Kalmanje","Vazhithunaiye - From ""Dragon""",Think Music,76,182,13,1301006
192,spotify:track:5xlYVZxEwriP6hetG7QJw7,,,AP Dhillon,Old Money,AP Dhillon,13,-1,28,1294506
193,spotify:track:5VrLz2NUTLbPzgjuVOjxUx,,,"Atif Aslam, Jal, Mithoon","Aadat - From ""Kalyug""",Universal Music India Pvt Ltd. – Distribution,131,131,3,1289170
194,spotify:track:3bQsp4Vr9Rg4fNCx6HPOgX,,,Anuv Jain,Alag Aasmaan,Universal Music India Pvt. Ltd. (on behalf of Anuv Jain),30,-1,72,1288444
195,spotify:track:209QxKVJzh2FLUmZHpYs4m,,,"Badshah, Karan Aujla, Hiten",God Damn,Universal Music India Pvt Ltd.,15,184,58,1283851
196,spotify:track:0OdztoASgKBBNcAgtErk0X,,,"Abdul Hannan, Rovalio",Bikhra,2636621 Records DK,125,175,7,1283303
197,spotify:track:3OLFqbd9ZeVjaUKTiaLsD6,,,"Pritam, Javed Ali, Irshan Ashraf, Shadab",Tu Hi Haqeeqat,Sony Music Entertainment India Pvt. Ltd.,174,-1,8,1283155
198,spotify:track:6voByoJq77rN6FITdRhtLb,,,"Karan Aujla, Manna Music",48 Rhymes,WM Canada,168,-1,2,1279784
199,spotify:track:5GENwU66wYztXVqEOLubyF,,,"G. V. Prakash, Arivu, Dhanush, Sublahshini","Golden Sparrow (From ""Nilavuku En Mel Ennadi Kobam"")",Wunderbar Films,75,191,24,1277008
200,spotify:track:0fK7ie6XwGxQTIkpFoWkd1,,,JENNIE,like JENNIE,OA Entertainment/Columbia,131,181,10,1272002
